{
  "hash": "352279d0",
  "configHash": "e720c30b",
  "lockfileHash": "d192e9f3",
  "browserHash": "80aa9cae",
  "optimized": {
    "@angular/common": {
      "src": "../../../../../../node_modules/@angular/common/fesm2022/common.mjs",
      "file": "@angular_common.js",
      "fileHash": "0395d355",
      "needsInterop": false
    },
    "@angular/core": {
      "src": "../../../../../../node_modules/@angular/core/fesm2022/core.mjs",
      "file": "@angular_core.js",
      "fileHash": "627909f4",
      "needsInterop": false
    },
    "@angular/platform-browser": {
      "src": "../../../../../../node_modules/@angular/platform-browser/fesm2022/platform-browser.mjs",
      "file": "@angular_platform-browser.js",
      "fileHash": "7f646b24",
      "needsInterop": false
    },
    "@angular/router": {
      "src": "../../../../../../node_modules/@angular/router/fesm2022/router.mjs",
      "file": "@angular_router.js",
      "fileHash": "dc0bab73",
      "needsInterop": false
    },
    "zone.js": {
      "src": "../../../../../../node_modules/zone.js/fesm2015/zone.js",
      "file": "zone__js.js",
      "fileHash": "032d582c",
      "needsInterop": true
    }
  },
  "chunks": {
    "chunk-MNASD6VB": {
      "file": "chunk-MNASD6VB.js"
    },
    "chunk-LKSFUSRB": {
      "file": "chunk-LKSFUSRB.js"
    },
    "chunk-SJVPI5HB": {
      "file": "chunk-SJVPI5HB.js"
    },
    "chunk-WDMUDEB6": {
      "file": "chunk-WDMUDEB6.js"
    }
  }
}