{
  "hash": "626bf832",
  "configHash": "abd6ecc3",
  "lockfileHash": "4b43d46f",
  "browserHash": "d7586ae5",
  "optimized": {
    "@angular/common": {
      "src": "../../../../../../node_modules/@angular/common/fesm2022/common.mjs",
      "file": "@angular_common.js",
      "fileHash": "3ecb3540",
      "needsInterop": false
    },
    "@angular/core": {
      "src": "../../../../../../node_modules/@angular/core/fesm2022/core.mjs",
      "file": "@angular_core.js",
      "fileHash": "98a8bff1",
      "needsInterop": false
    },
    "@angular/platform-browser": {
      "src": "../../../../../../node_modules/@angular/platform-browser/fesm2022/platform-browser.mjs",
      "file": "@angular_platform-browser.js",
      "fileHash": "e9221c50",
      "needsInterop": false
    },
    "@angular/router": {
      "src": "../../../../../../node_modules/@angular/router/fesm2022/router.mjs",
      "file": "@angular_router.js",
      "fileHash": "2f7ea4e3",
      "needsInterop": false
    },
    "zone.js": {
      "src": "../../../../../../node_modules/zone.js/fesm2015/zone.js",
      "file": "zone__js.js",
      "fileHash": "54a28d43",
      "needsInterop": true
    }
  },
  "chunks": {
    "chunk-MNASD6VB": {
      "file": "chunk-MNASD6VB.js"
    },
    "chunk-LKSFUSRB": {
      "file": "chunk-LKSFUSRB.js"
    },
    "chunk-SJVPI5HB": {
      "file": "chunk-SJVPI5HB.js"
    },
    "chunk-WDMUDEB6": {
      "file": "chunk-WDMUDEB6.js"
    }
  }
}